SEASON_ID,PLAYER_ID,PLAYER_NAME,TEAM_ID,TEAM_ABBREVIATION,TEAM_NAME,GAME_ID,GAME_DATE,MATCHUP,WL,MIN,FGM,FGA,FG_PCT,FG3M,FG3A,FG3_PCT,FTM,FTA,FT_PCT,OREB,DREB,REB,AST,STL,BLK,TOV,PF,PTS,PLUS_MINUS,FANTASY_PTS,VIDEO_AVAILABLE
22025,1628418,Thomas Bryant,1610612739,CLE,Cleveland Cavaliers,0022500048,2025-11-21,CLE vs. IND,W,1,0,1,0.0,0,1,0.0,0,0,,0,0,0,0,0,0,0,1,0,-4,0.0,1
22025,1642878,Tyrese Proctor,1610612739,CLE,Cleveland Cavaliers,0022500048,2025-11-21,CLE vs. IND,W,1,0,1,0.0,0,0,,0,0,,0,1,1,0,0,0,0,0,0,-4,1.2,1
22025,1643007,Taelon Peter,1610612754,IND,Indiana Pacers,0022500048,2025-11-21,IND @ CLE,L,1,0,0,,0,0,,0,0,,0,1,1,1,0,0,0,0,0,4,2.7,1
22025,1642484,RayJ Dennis,1610612754,IND,Indiana Pacers,0022500048,2025-11-21,IND @ CLE,L,1,0,0,,0,0,,0,0,,0,0,0,0,0,0,0,0,0,4,0.0,1
22025,1641716,Jarace Walker,1610612754,IND,Indiana Pacers,0022500048,2025-11-21,IND @ CLE,L,17,2,6,0.333,0,2,0.0,2,2,1.0,0,4,4,0,0,0,0,2,6,-7,10.8,1
22025,1629614,Andrew Nembhard,1610612754,IND,Indiana Pacers,0022500048,2025-11-21,IND @ CLE,L,33,11,20,0.55,3,5,0.6,7,7,1.0,0,1,1,8,2,0,0,3,32,-11,51.2,1
22025,1629731,Dean Wade,1610612739,CLE,Cleveland Cavaliers,0022500048,2025-11-21,CLE vs. IND,W,20,2,4,0.5,0,2,0.0,0,0,,1,2,3,1,0,1,1,3,4,10,11.1,1
22025,1629631,De'Andre Hunter,1610612739,CLE,Cleveland Cavaliers,0022500048,2025-11-21,CLE vs. IND,W,28,8,16,0.5,3,9,0.333,1,1,1.0,3,4,7,1,2,0,1,2,20,19,34.9,1
22025,1641767,Ben Sheppard,1610612754,IND,Indiana Pacers,0022500048,2025-11-21,IND @ CLE,L,25,1,6,0.167,0,5,0.0,0,0,,2,3,5,5,2,0,0,0,2,-16,21.5,1
22025,1626204,Larry Nance Jr.,1610612739,CLE,Cleveland Cavaliers,0022500048,2025-11-21,CLE vs. IND,W,19,2,4,0.5,0,1,0.0,0,0,,1,1,2,1,1,2,0,0,4,-2,16.9,1
22025,1629636,Darius Garland,1610612739,CLE,Cleveland Cavaliers,0022500048,2025-11-21,CLE vs. IND,W,27,5,12,0.417,3,4,0.75,7,7,1.0,1,1,2,7,0,0,4,3,20,18,28.9,1
22025,1628366,Lonzo Ball,1610612739,CLE,Cleveland Cavaliers,0022500048,2025-11-21,CLE vs. IND,W,25,0,2,0.0,0,2,0.0,0,0,,0,7,7,5,0,1,1,4,0,12,17.9,1
22025,1628396,Tony Bradley,1610612754,IND,Indiana Pacers,0022500048,2025-11-21,IND @ CLE,L,4,0,2,0.0,0,0,,2,2,1.0,0,0,0,1,0,0,0,1,2,-1,3.5,1
22025,1630543,Isaiah Jackson,1610612754,IND,Indiana Pacers,0022500048,2025-11-21,IND @ CLE,L,18,1,4,0.25,0,0,,1,2,0.5,2,2,4,0,2,1,1,3,3,-6,15.8,1
22025,1630526,Jeremiah Robinson-Earl,1610612754,IND,Indiana Pacers,0022500048,2025-11-21,IND @ CLE,L,12,0,2,0.0,0,0,,2,2,1.0,1,2,3,0,0,0,1,2,2,-3,4.6,1
22025,1641775,Jordan Walsh,1610612738,BOS,Boston Celtics,0022500049,2025-11-21,BOS vs. BKN,L,24,4,7,0.571,1,2,0.5,0,0,,2,4,6,0,1,0,1,1,9,8,18.2,1
22025,1630596,Evan Mobley,1610612739,CLE,Cleveland Cavaliers,0022500048,2025-11-21,CLE vs. IND,W,35,7,13,0.538,1,1,1.0,7,11,0.636,4,8,12,4,0,4,2,2,22,18,52.4,1
22025,1631213,Tyrese Martin,1610612751,BKN,Brooklyn Nets,0022500049,2025-11-21,BKN @ BOS,W,19,4,6,0.667,1,3,0.333,1,2,0.5,0,1,1,4,0,0,1,0,10,-3,16.2,1
22025,1629014,Anfernee Simons,1610612738,BOS,Boston Celtics,0022500049,2025-11-21,BOS vs. BKN,L,33,10,16,0.625,2,6,0.333,1,1,1.0,0,3,3,4,2,0,4,4,23,-10,34.6,1
22025,204456,T.J. McConnell,1610612754,IND,Indiana Pacers,0022500048,2025-11-21,IND @ CLE,L,17,4,6,0.667,2,2,1.0,0,0,,0,3,3,4,1,0,2,1,10,3,20.6,1
22025,1629651,Nic Claxton,1610612751,BKN,Brooklyn Nets,0022500049,2025-11-21,BKN @ BOS,W,35,7,13,0.538,0,0,,4,7,0.571,2,9,11,12,1,1,3,2,18,18,52.2,1
22025,1629008,Michael Porter Jr.,1610612751,BKN,Brooklyn Nets,0022500049,2025-11-21,BKN @ BOS,W,37,13,21,0.619,4,6,0.667,3,5,0.6,0,8,8,2,0,0,2,1,33,13,43.6,1
22025,1630549,Day'Ron Sharpe,1610612751,BKN,Brooklyn Nets,0022500049,2025-11-21,BKN @ BOS,W,13,1,2,0.5,0,0,,2,3,0.667,1,3,4,1,0,1,3,2,4,-10,10.3,1
22025,1627759,Jaylen Brown,1610612738,BOS,Boston Celtics,0022500049,2025-11-21,BOS vs. BKN,L,32,9,18,0.5,1,4,0.25,7,9,0.778,1,7,8,4,2,0,3,5,26,-4,44.6,1
22025,1642864,Hugo González,1610612738,BOS,Boston Celtics,0022500049,2025-11-21,BOS vs. BKN,L,5,0,1,0.0,0,0,,0,0,,0,0,0,0,1,0,0,1,0,12,3.0,1
22025,1629674,Neemias Queta,1610612738,BOS,Boston Celtics,0022500049,2025-11-21,BOS vs. BKN,L,29,8,12,0.667,0,0,,0,0,,5,7,12,3,0,1,0,5,16,-5,37.9,1
22025,1642962,Drake Powell,1610612751,BKN,Brooklyn Nets,0022500049,2025-11-21,BKN @ BOS,W,21,3,4,0.75,1,2,0.5,2,2,1.0,0,2,2,1,2,0,0,1,9,2,18.9,1
22025,1641730,Noah Clowney,1610612751,BKN,Brooklyn Nets,0022500049,2025-11-21,BKN @ BOS,W,37,7,15,0.467,3,11,0.273,2,2,1.0,0,3,3,0,1,3,0,3,19,9,34.6,1
22025,1627783,Pascal Siakam,1610612754,IND,Indiana Pacers,0022500048,2025-11-21,IND @ CLE,L,37,9,15,0.6,3,6,0.5,5,6,0.833,0,9,9,4,1,0,3,3,26,-10,42.8,1
22025,1641854,Craig Porter Jr.,1610612739,CLE,Cleveland Cavaliers,0022500048,2025-11-21,CLE vs. IND,W,11,1,3,0.333,0,0,,0,0,,0,1,1,1,1,0,0,0,2,-5,7.7,1
22025,1641772,Nae'Qwan Tomlin,1610612739,CLE,Cleveland Cavaliers,0022500048,2025-11-21,CLE vs. IND,W,12,1,4,0.25,0,1,0.0,0,0,,0,0,0,0,0,0,0,0,2,-14,2.0,1
22025,1629726,Garrison Mathews,1610612754,IND,Indiana Pacers,0022500048,2025-11-21,IND @ CLE,L,10,0,3,0.0,0,3,0.0,0,0,,0,1,1,0,0,0,0,0,0,-4,1.2,1
22025,1642281,Jaylon Tyson,1610612739,CLE,Cleveland Cavaliers,0022500048,2025-11-21,CLE vs. IND,W,27,6,7,0.857,2,3,0.667,0,0,,2,6,8,3,0,0,0,3,14,-6,28.1,1
22025,1629611,Terance Mann,1610612751,BKN,Brooklyn Nets,0022500049,2025-11-21,BKN @ BOS,W,32,2,6,0.333,2,4,0.5,0,0,,2,4,6,6,0,0,1,0,6,12,21.2,1
22025,1628401,Derrick White,1610612738,BOS,Boston Celtics,0022500049,2025-11-21,BOS vs. BKN,L,33,2,13,0.154,1,7,0.143,1,2,0.5,0,1,1,4,1,0,1,3,6,-7,15.2,1
22025,1630533,Ziaire Williams,1610612751,BKN,Brooklyn Nets,0022500049,2025-11-21,BKN @ BOS,W,16,1,5,0.2,0,3,0.0,0,0,,0,0,0,0,0,0,2,4,2,-10,0.0,1
22025,1642856,Egor Dëmin,1610612751,BKN,Brooklyn Nets,0022500049,2025-11-21,BKN @ BOS,W,29,5,10,0.5,2,4,0.5,0,0,,2,4,6,5,1,1,1,4,12,9,31.7,1
22025,1630573,Sam Hauser,1610612738,BOS,Boston Celtics,0022500049,2025-11-21,BOS vs. BKN,L,14,0,3,0.0,0,3,0.0,0,0,,1,3,4,2,0,0,1,2,0,-6,6.8,1
22025,1631169,Josh Minott,1610612738,BOS,Boston Celtics,0022500049,2025-11-21,BOS vs. BKN,L,7,0,0,,0,0,,0,0,,1,0,1,1,0,0,1,0,0,-2,1.7,1
22025,1630202,Payton Pritchard,1610612738,BOS,Boston Celtics,0022500049,2025-11-21,BOS vs. BKN,L,35,5,13,0.385,3,9,0.333,0,0,,1,2,3,4,0,0,1,1,13,-13,21.6,1
22025,1631248,Baylor Scheierman,1610612738,BOS,Boston Celtics,0022500049,2025-11-21,BOS vs. BKN,L,11,2,2,1.0,1,1,1.0,0,0,,0,2,2,1,0,0,0,1,5,-8,8.9,1
22025,1630568,Luka Garza,1610612738,BOS,Boston Celtics,0022500049,2025-11-21,BOS vs. BKN,L,17,2,5,0.4,2,2,1.0,1,2,0.5,3,1,4,1,0,0,1,2,7,-5,12.3,1
22025,1642860,Will Riley,1610612764,WAS,Washington Wizards,0022500050,2025-11-21,WAS @ TOR,L,9,2,5,0.4,0,1,0.0,0,0,,0,1,1,2,1,0,1,0,4,-2,10.2,1
22025,203468,CJ McCollum,1610612764,WAS,Washington Wizards,0022500050,2025-11-21,WAS @ TOR,L,26,8,15,0.533,2,7,0.286,2,3,0.667,0,3,3,3,1,0,2,2,20,-11,29.1,1
22025,202066,Garrett Temple,1610612761,TOR,Toronto Raptors,0022500050,2025-11-21,TOR vs. WAS,W,4,1,1,1.0,1,1,1.0,1,2,0.5,0,1,1,1,0,0,1,1,4,-3,5.7,1
22025,1631103,Malaki Branham,1610612764,WAS,Washington Wizards,0022500050,2025-11-21,WAS @ TOR,L,5,2,3,0.667,1,2,0.5,4,4,1.0,0,1,1,0,0,0,1,0,9,1,9.2,1
22025,1630567,Scottie Barnes,1610612761,TOR,Toronto Raptors,0022500050,2025-11-21,TOR vs. WAS,W,30,10,15,0.667,3,4,0.75,0,0,,0,5,5,2,3,0,2,3,23,14,39.0,1
22025,1642273,Kyshawn George,1610612764,WAS,Washington Wizards,0022500050,2025-11-21,WAS @ TOR,L,29,2,7,0.286,1,4,0.25,0,0,,1,2,3,4,0,2,5,3,5,-22,15.6,1
22025,1641711,Gradey Dick,1610612761,TOR,Toronto Raptors,0022500050,2025-11-21,TOR vs. WAS,W,19,2,6,0.333,0,2,0.0,2,2,1.0,0,1,1,1,2,0,2,1,6,8,12.7,1
22025,1642848,Tre Johnson,1610612764,WAS,Washington Wizards,0022500050,2025-11-21,WAS @ TOR,L,19,5,8,0.625,3,5,0.6,1,2,0.5,0,2,2,2,0,1,1,0,14,-20,21.4,1
22025,1642419,Jamison Battle,1610612761,TOR,Toronto Raptors,0022500050,2025-11-21,TOR vs. WAS,W,4,1,1,1.0,0,0,,0,0,,0,2,2,0,0,0,1,2,2,-3,3.4,1
22025,1642266,Ja'Kobe Walter,1610612761,TOR,Toronto Raptors,0022500050,2025-11-21,TOR vs. WAS,W,22,1,2,0.5,1,1,1.0,0,0,,3,0,3,2,3,0,0,2,3,20,18.6,1
22025,1630264,Anthony Gill,1610612764,WAS,Washington Wizards,0022500050,2025-11-21,WAS @ TOR,L,5,1,1,1.0,0,0,,2,2,1.0,1,0,1,0,0,0,0,1,4,1,5.2,1
22025,1630557,Corey Kispert,1610612764,WAS,Washington Wizards,0022500050,2025-11-21,WAS @ TOR,L,19,3,6,0.5,2,4,0.5,1,2,0.5,0,3,3,1,1,0,0,0,9,-17,17.1,1
22025,1630534,Ochai Agbaji,1610612761,TOR,Toronto Raptors,0022500050,2025-11-21,TOR vs. WAS,W,16,1,3,0.333,0,1,0.0,2,2,1.0,0,1,1,0,0,0,0,1,4,7,5.2,1
22025,1630193,Immanuel Quickley,1610612761,TOR,Toronto Raptors,0022500050,2025-11-21,TOR vs. WAS,W,30,6,10,0.6,3,6,0.5,2,2,1.0,0,2,2,7,1,1,0,1,17,17,35.9,1
22025,1642267,Bub Carrington,1610612764,WAS,Washington Wizards,0022500050,2025-11-21,WAS @ TOR,L,16,3,5,0.6,1,2,0.5,0,0,,1,1,2,3,0,0,1,6,7,-20,12.9,1
22025,1630572,Sandro Mamukelashvili,1610612761,TOR,Toronto Raptors,0022500050,2025-11-21,TOR vs. WAS,W,21,8,15,0.533,2,3,0.667,5,6,0.833,5,2,7,2,1,0,1,1,23,22,36.4,1
22025,203114,Khris Middleton,1610612764,WAS,Washington Wizards,0022500050,2025-11-21,WAS @ TOR,L,24,1,6,0.167,0,3,0.0,0,0,,0,2,2,4,0,1,2,1,2,-7,11.4,1
22025,1627742,Brandon Ingram,1610612761,TOR,Toronto Raptors,0022500050,2025-11-21,TOR vs. WAS,W,30,6,12,0.5,0,3,0.0,12,13,0.923,0,8,8,6,2,1,4,1,24,25,47.6,1
22025,1627751,Jakob Poeltl,1610612761,TOR,Toronto Raptors,0022500050,2025-11-21,TOR vs. WAS,W,19,1,1,1.0,0,0,,1,2,0.5,4,5,9,1,0,1,1,3,3,9,17.3,1
22025,1642347,Jamal Shead,1610612761,TOR,Toronto Raptors,0022500050,2025-11-21,TOR vs. WAS,W,16,2,2,1.0,2,2,1.0,1,2,0.5,0,1,1,10,1,1,0,2,7,19,29.2,1
22025,1641731,Bilal Coulibaly,1610612764,WAS,Washington Wizards,0022500050,2025-11-21,WAS @ TOR,L,26,1,6,0.167,0,5,0.0,7,8,0.875,0,3,3,2,2,0,1,2,9,-19,20.6,1
22025,1629628,RJ Barrett,1610612761,TOR,Toronto Raptors,0022500050,2025-11-21,TOR vs. WAS,W,29,9,15,0.6,2,5,0.4,4,8,0.5,1,7,8,4,0,0,2,2,24,15,37.6,1
22025,1630551,Justin Champagnie,1610612764,WAS,Washington Wizards,0022500050,2025-11-21,WAS @ TOR,L,18,3,6,0.5,0,2,0.0,1,1,1.0,1,2,3,4,2,0,0,3,7,-2,22.6,1
22025,1641774,Tristan Vukcevic,1610612764,WAS,Washington Wizards,0022500050,2025-11-21,WAS @ TOR,L,17,2,6,0.333,0,2,0.0,0,0,,2,1,3,1,1,0,2,1,4,-15,10.1,1
22025,1641715,Cam Whitmore,1610612764,WAS,Washington Wizards,0022500050,2025-11-21,WAS @ TOR,L,17,5,9,0.556,1,2,0.5,0,0,,1,1,2,0,1,0,1,1,11,-15,15.4,1
22025,1642364,Jamir Watkins,1610612764,WAS,Washington Wizards,0022500050,2025-11-21,WAS @ TOR,L,9,1,3,0.333,1,2,0.5,2,2,1.0,0,0,0,0,0,0,0,2,5,-2,5.0,1
22025,1630581,Josh Giddey,1610612741,CHI,Chicago Bulls,0022500051,2025-11-21,CHI vs. MIA,L,31,6,14,0.429,1,3,0.333,6,9,0.667,4,7,11,9,0,0,3,2,19,-4,42.7,1
22025,1630171,Isaac Okoro,1610612741,CHI,Chicago Bulls,0022500051,2025-11-21,CHI vs. MIA,L,17,4,8,0.5,1,2,0.5,0,2,0.0,1,1,2,0,0,0,0,2,9,-20,11.4,1
22025,1630188,Jalen Smith,1610612741,CHI,Chicago Bulls,0022500051,2025-11-21,CHI vs. MIA,L,24,5,8,0.625,2,5,0.4,2,2,1.0,0,2,2,2,0,5,1,2,14,-24,33.4,1
22025,1630558,Davion Mitchell,1610612748,MIA,Miami Heat,0022500051,2025-11-21,MIA @ CHI,W,24,7,9,0.778,0,2,0.0,2,4,0.5,0,0,0,6,1,0,0,2,16,12,28.0,1
22025,202696,Nikola Vučević,1610612741,CHI,Chicago Bulls,0022500051,2025-11-21,CHI vs. MIA,L,21,2,8,0.25,0,4,0.0,2,2,1.0,0,4,4,3,0,0,1,1,6,-9,14.3,1
22025,1631170,Jaime Jaquez Jr.,1610612748,MIA,Miami Heat,0022500051,2025-11-21,MIA @ CHI,W,24,5,11,0.455,0,0,,0,0,,2,5,7,7,1,0,3,3,10,12,28.9,1
22025,1641763,Julian Phillips,1610612741,CHI,Chicago Bulls,0022500051,2025-11-21,CHI vs. MIA,L,18,1,5,0.2,1,4,0.25,0,0,,0,2,2,1,1,1,0,4,3,-14,12.9,1
22025,1642276,Kel'el Ware,1610612748,MIA,Miami Heat,0022500051,2025-11-21,MIA @ CHI,W,28,8,15,0.533,0,1,0.0,4,4,1.0,4,10,14,1,2,1,1,1,20,17,46.3,1
22025,1628975,Jevon Carter,1610612741,CHI,Chicago Bulls,0022500051,2025-11-21,CHI vs. MIA,L,18,2,8,0.25,2,8,0.25,4,4,1.0,0,1,1,0,1,0,2,1,10,-17,12.2,1
22025,1630245,Ayo Dosunmu,1610612741,CHI,Chicago Bulls,0022500051,2025-11-21,CHI vs. MIA,L,33,9,14,0.643,3,4,0.75,2,3,0.667,0,1,1,4,0,2,3,1,23,-33,33.2,1
22025,1631207,Dalen Terry,1610612741,CHI,Chicago Bulls,0022500051,2025-11-21,CHI vs. MIA,L,13,0,1,0.0,0,0,,0,0,,1,3,4,2,0,0,1,5,0,-11,6.8,1
22025,1630696,Dru Smith,1610612748,MIA,Miami Heat,0022500051,2025-11-21,MIA @ CHI,W,18,4,7,0.571,2,2,1.0,2,3,0.667,2,5,7,2,3,0,2,1,12,27,30.4,1
22025,1642066,Myron Gardner,1610612748,MIA,Miami Heat,0022500051,2025-11-21,MIA @ CHI,W,5,1,1,1.0,1,1,1.0,0,0,,0,1,1,0,0,0,0,2,3,-1,4.2,1
22025,1631323,Simone Fontecchio,1610612748,MIA,Miami Heat,0022500051,2025-11-21,MIA @ CHI,W,25,3,12,0.25,1,10,0.1,2,3,0.667,0,2,2,3,1,0,2,1,9,25,16.9,1
22025,1626181,Norman Powell,1610612748,MIA,Miami Heat,0022500051,2025-11-21,MIA @ CHI,W,25,6,14,0.429,2,7,0.286,5,8,0.625,1,1,2,2,2,1,0,1,19,14,33.4,1
22025,1642443,Jahmir Young,1610612748,MIA,Miami Heat,0022500051,2025-11-21,MIA @ CHI,W,6,2,5,0.4,2,2,1.0,0,0,,0,0,0,1,0,0,0,0,6,-3,7.5,1
22025,1628389,Bam Adebayo,1610612748,MIA,Miami Heat,0022500051,2025-11-21,MIA @ CHI,W,29,4,11,0.364,2,5,0.4,8,10,0.8,1,6,7,5,0,3,1,3,18,24,41.9,1
22025,1628989,Kevin Huerter,1610612741,CHI,Chicago Bulls,0022500051,2025-11-21,CHI vs. MIA,L,10,1,4,0.25,1,4,0.25,0,0,,0,2,2,0,1,1,1,1,3,-19,10.4,1
22025,1641824,Matas Buzelis,1610612741,CHI,Chicago Bulls,0022500051,2025-11-21,CHI vs. MIA,L,19,2,8,0.25,0,3,0.0,2,2,1.0,1,4,5,1,0,2,2,2,6,-9,17.5,1
22025,202691,Klay Thompson,1610612742,DAL,Dallas Mavericks,0022500052,2025-11-21,DAL vs. NOP,W,16,2,9,0.222,1,7,0.143,0,0,,1,1,2,0,0,1,0,0,5,-4,10.4,1
22025,1642847,Jeremiah Fears,1610612740,NOP,New Orleans Pelicans,0022500052,2025-11-21,NOP @ DAL,L,32,8,12,0.667,3,4,0.75,2,5,0.4,1,6,7,2,4,0,4,2,21,-9,40.4,1
22025,1630529,Herbert Jones,1610612740,NOP,New Orleans Pelicans,0022500052,2025-11-21,NOP @ DAL,L,32,3,10,0.3,1,3,0.333,0,0,,2,7,9,2,2,1,1,3,7,-7,28.8,1
22025,1630619,Moussa Cisse,1610612742,DAL,Dallas Mavericks,0022500052,2025-11-21,DAL vs. NOP,W,5,0,0,,0,0,,0,0,,0,3,3,1,0,0,0,0,0,1,5.1,1
22025,1642843,Cooper Flagg,1610612742,DAL,Dallas Mavericks,0022500052,2025-11-21,DAL vs. NOP,W,32,12,19,0.632,0,4,0.0,5,6,0.833,2,5,7,5,2,0,2,2,29,9,48.9,1
22025,1641722,Jordan Hawkins,1610612740,NOP,New Orleans Pelicans,0022500052,2025-11-21,NOP @ DAL,L,12,1,5,0.2,1,2,0.5,0,0,,0,2,2,1,0,0,1,0,3,11,5.9,1
22025,1631108,Max Christie,1610612742,DAL,Dallas Mavericks,0022500052,2025-11-21,DAL vs. NOP,W,32,7,12,0.583,5,9,0.556,4,4,1.0,0,3,3,0,1,1,1,3,23,7,31.6,1
22025,1642852,Derik Queen,1610612740,NOP,New Orleans Pelicans,0022500052,2025-11-21,NOP @ DAL,L,32,8,17,0.471,0,2,0.0,4,5,0.8,2,5,7,11,1,0,4,2,20,1,43.9,1
22025,1630530,Trey Murphy III,1610612740,NOP,New Orleans Pelicans,0022500052,2025-11-21,NOP @ DAL,L,35,7,14,0.5,1,7,0.143,10,10,1.0,0,3,3,0,3,1,0,3,25,-1,40.6,1
22025,1630702,Jaden Hardy,1610612742,DAL,Dallas Mavericks,0022500052,2025-11-21,DAL vs. NOP,W,14,4,7,0.571,3,5,0.6,0,0,,0,2,2,0,0,0,1,1,11,0,12.4,1
22025,1642877,Micah Peavy,1610612740,NOP,New Orleans Pelicans,0022500052,2025-11-21,NOP @ DAL,L,13,2,6,0.333,0,1,0.0,0,0,,0,1,1,0,1,1,0,5,4,-4,11.2,1
22025,1630314,Brandon Williams,1610612742,DAL,Dallas Mavericks,0022500052,2025-11-21,DAL vs. NOP,W,28,1,12,0.083,1,7,0.143,2,2,1.0,2,3,5,12,1,2,6,1,5,1,32.0,1
22025,1630180,Saddiq Bey,1610612740,NOP,New Orleans Pelicans,0022500052,2025-11-21,NOP @ DAL,L,18,2,9,0.222,0,4,0.0,0,0,,1,2,3,1,1,0,0,1,4,-1,12.1,1
22025,1630230,Naji Marshall,1610612742,DAL,Dallas Mavericks,0022500052,2025-11-21,DAL vs. NOP,W,24,2,5,0.4,1,3,0.333,4,6,0.667,0,5,5,5,0,0,2,1,9,5,20.5,1
22025,1642274,Yves Missi,1610612740,NOP,New Orleans Pelicans,0022500052,2025-11-21,NOP @ DAL,L,16,2,4,0.5,0,0,,0,0,,2,0,2,0,0,1,0,2,4,-5,9.4,1
22025,1641726,Dereck Lively II,1610612742,DAL,Dallas Mavericks,0022500052,2025-11-21,DAL vs. NOP,W,18,1,1,1.0,0,0,,2,2,1.0,3,1,4,2,1,1,1,5,4,8,16.8,1
22025,1628997,Caleb Martin,1610612742,DAL,Dallas Mavericks,0022500052,2025-11-21,DAL vs. NOP,W,8,0,0,,0,0,,0,0,,0,0,0,1,1,0,0,3,0,-7,4.5,1
22025,1630631,Jose Alvarado,1610612740,NOP,New Orleans Pelicans,0022500052,2025-11-21,NOP @ DAL,L,20,2,5,0.4,1,4,0.25,0,0,,0,5,5,6,0,0,2,2,5,2,18.0,1
22025,1629627,Zion Williamson,1610612740,NOP,New Orleans Pelicans,0022500052,2025-11-21,NOP @ DAL,L,30,7,9,0.778,0,0,,8,11,0.727,1,2,3,2,3,0,1,0,22,-2,36.6,1
22025,1630643,Jay Huff,1610612754,IND,Indiana Pacers,0022500048,2025-11-21,IND @ CLE,L,26,2,9,0.222,1,7,0.143,0,0,,2,3,5,0,1,4,2,4,5,0,24.0,1
22025,1628378,Donovan Mitchell,1610612739,CLE,Cleveland Cavaliers,0022500048,2025-11-21,CLE vs. IND,W,34,11,22,0.5,4,11,0.364,6,8,0.75,2,7,9,5,1,0,5,4,32,13,48.3,1
22025,1630183,Jaden McDaniels,1610612750,MIN,Minnesota Timberwolves,0022500053,2025-11-21,MIN @ PHX,L,40,5,12,0.417,0,5,0.0,3,3,1.0,3,2,5,2,4,0,1,4,13,9,33.0,1
22025,1629675,Naz Reid,1610612750,MIN,Minnesota Timberwolves,0022500053,2025-11-21,MIN @ PHX,L,27,4,10,0.4,1,3,0.333,0,0,,1,1,2,2,2,2,1,2,9,-9,25.4,1
22025,1642265,Rob Dillingham,1610612750,MIN,Minnesota Timberwolves,0022500053,2025-11-21,MIN @ PHX,L,9,2,3,0.667,1,1,1.0,0,0,,1,0,1,0,1,0,2,0,5,0,7.2,1
22025,201144,Mike Conley,1610612750,MIN,Minnesota Timberwolves,0022500053,2025-11-21,MIN @ PHX,L,14,1,4,0.25,1,3,0.333,0,0,,0,2,2,1,0,0,1,2,3,-6,5.9,1
22025,1642346,Ryan Dunn,1610612756,PHX,Phoenix Suns,0022500053,2025-11-21,PHX vs. MIN,W,24,1,3,0.333,1,2,0.5,1,2,0.5,1,2,3,1,2,1,1,3,4,-5,17.1,1
22025,1630162,Anthony Edwards,1610612750,MIN,Minnesota Timberwolves,0022500053,2025-11-21,MIN @ PHX,L,40,14,24,0.583,5,11,0.455,8,12,0.667,0,5,5,4,4,1,5,4,41,-3,63.0,1
22025,1631221,Collin Gillespie,1610612756,PHX,Phoenix Suns,0022500053,2025-11-21,PHX vs. MIN,W,34,7,12,0.583,4,7,0.571,2,2,1.0,0,7,7,4,2,0,3,2,20,14,37.4,1
22025,1641740,Jaylen Clark,1610612750,MIN,Minnesota Timberwolves,0022500053,2025-11-21,MIN @ PHX,L,8,0,1,0.0,0,0,,1,2,0.5,1,2,3,0,1,0,0,1,1,-12,7.6,1
22025,1631109,Mark Williams,1610612756,PHX,Phoenix Suns,0022500053,2025-11-21,PHX vs. MIN,W,26,6,9,0.667,0,0,,7,8,0.875,3,5,8,0,1,1,1,4,19,-15,33.6,1
22025,1630208,Nick Richards,1610612756,PHX,Phoenix Suns,0022500053,2025-11-21,PHX vs. MIN,W,8,1,3,0.333,0,0,,0,0,,3,1,4,0,0,0,3,1,2,3,3.8,1
22025,1628978,Donte DiVincenzo,1610612750,MIN,Minnesota Timberwolves,0022500053,2025-11-21,MIN @ PHX,L,32,2,9,0.222,2,7,0.286,3,3,1.0,0,2,2,3,4,0,2,2,9,9,25.9,1
22025,1630587,Isaiah Livers,1610612756,PHX,Phoenix Suns,0022500053,2025-11-21,PHX vs. MIN,W,3,0,0,,0,0,,0,0,,0,1,1,0,0,0,1,1,0,1,0.2,1
22025,203497,Rudy Gobert,1610612750,MIN,Minnesota Timberwolves,0022500053,2025-11-21,MIN @ PHX,L,35,5,10,0.5,0,0,,2,4,0.5,7,5,12,4,0,1,2,5,12,6,33.4,1
22025,203944,Julius Randle,1610612750,MIN,Minnesota Timberwolves,0022500053,2025-11-21,MIN @ PHX,L,34,6,13,0.462,2,7,0.286,6,9,0.667,1,4,5,2,1,0,5,3,20,1,27.0,1
22025,1642345,Oso Ighodaro,1610612756,PHX,Phoenix Suns,0022500053,2025-11-21,PHX vs. MIN,W,13,1,2,0.5,0,0,,0,0,,2,3,5,3,3,0,2,3,2,8,19.5,1
22025,1626220,Royce O'Neale,1610612756,PHX,Phoenix Suns,0022500053,2025-11-21,PHX vs. MIN,W,31,5,8,0.625,3,6,0.5,3,4,0.75,1,2,3,2,0,0,2,3,16,-4,20.6,1
22025,204060,Joe Ingles,1610612750,MIN,Minnesota Timberwolves,0022500053,2025-11-21,MIN @ PHX,L,0,0,0,,0,0,,0,0,,0,0,0,0,0,0,0,0,0,0,0.0,1
22025,1641796,Pelle Larsson,1610612748,MIA,Miami Heat,0022500051,2025-11-21,MIA @ CHI,W,26,4,5,0.8,2,3,0.667,6,6,1.0,1,1,2,7,2,0,0,5,16,29,34.9,1
22025,1630200,Tre Jones,1610612741,CHI,Chicago Bulls,0022500051,2025-11-21,CHI vs. MIA,L,18,2,6,0.333,0,2,0.0,2,2,1.0,1,3,4,2,1,1,3,0,6,-10,16.8,1
22025,1642352,Keshad Johnson,1610612748,MIA,Miami Heat,0022500051,2025-11-21,MIA @ CHI,W,29,3,10,0.3,2,5,0.4,6,6,1.0,4,7,11,1,1,2,1,3,14,24,36.7,1
22025,1630172,Patrick Williams,1610612741,CHI,Chicago Bulls,0022500051,2025-11-21,CHI vs. MIA,L,18,3,6,0.5,1,4,0.25,1,2,0.5,0,1,1,2,1,1,1,6,8,-10,17.2,1
22025,203991,Clint Capela,1610612745,HOU,Houston Rockets,0022500054,2025-11-21,HOU vs. DEN,L,4,0,2,0.0,0,0,,0,0,,0,0,0,0,1,0,0,0,0,-8,3.0,1
22025,203932,Aaron Gordon,1610612743,DEN,Denver Nuggets,0022500054,2025-11-21,DEN @ HOU,W,3,0,1,0.0,0,1,0.0,1,2,0.5,0,2,2,0,0,0,1,0,1,4,2.4,1
22025,1642461,Spencer Jones,1610612743,DEN,Denver Nuggets,0022500054,2025-11-21,DEN @ HOU,W,22,1,1,1.0,1,1,1.0,0,0,,3,1,4,0,0,0,0,4,3,-1,7.8,1
22025,1631212,Peyton Watson,1610612743,DEN,Denver Nuggets,0022500054,2025-11-21,DEN @ HOU,W,34,3,5,0.6,0,0,,3,4,0.75,2,8,10,3,1,1,3,2,9,15,28.5,1
22025,1628988,Aaron Holiday,1610612745,HOU,Houston Rockets,0022500054,2025-11-21,HOU vs. DEN,L,13,0,3,0.0,0,3,0.0,1,1,1.0,0,0,0,0,0,0,0,1,1,3,1.0,1
22025,1629661,Cameron Johnson,1610612743,DEN,Denver Nuggets,0022500054,2025-11-21,DEN @ HOU,W,32,2,6,0.333,1,2,0.5,4,4,1.0,2,3,5,1,1,1,1,3,9,-3,21.5,1
22025,1642959,Chris Youngblood,1610612760,OKC,Oklahoma City Thunder,0022500055,2025-11-21,OKC @ UTA,W,5,2,4,0.5,1,2,0.5,0,0,,0,2,2,0,0,0,0,0,5,7,7.4,1
22025,1642262,Cody Williams,1610612762,UTA,Utah Jazz,0022500055,2025-11-21,UTA vs. OKC,L,20,0,4,0.0,0,3,0.0,0,0,,1,1,2,2,0,0,1,2,0,-33,4.4,1
22025,1627936,Alex Caruso,1610612760,OKC,Oklahoma City Thunder,0022500055,2025-11-21,OKC @ UTA,W,18,4,5,0.8,2,3,0.667,1,2,0.5,0,0,0,3,1,0,1,0,11,29,17.5,1
22025,1631095,Jabari Smith Jr.,1610612745,HOU,Houston Rockets,0022500054,2025-11-21,HOU vs. DEN,L,37,7,20,0.35,5,11,0.455,2,3,0.667,4,7,11,4,0,1,3,6,21,-8,40.2,1
22025,1642271,Kyle Filipowski,1610612762,UTA,Utah Jazz,0022500055,2025-11-21,UTA vs. OKC,L,26,7,11,0.636,2,4,0.5,2,4,0.5,2,5,7,2,1,1,3,3,18,-28,32.4,1
22025,1629004,Svi Mykhailiuk,1610612762,UTA,Utah Jazz,0022500055,2025-11-21,UTA vs. OKC,L,22,3,8,0.375,2,6,0.333,0,0,,0,2,2,1,1,0,3,2,8,5,11.9,1
22025,1629652,Luguentz Dort,1610612760,OKC,Oklahoma City Thunder,0022500055,2025-11-21,OKC @ UTA,W,21,3,4,0.75,3,4,0.75,0,0,,0,1,1,0,0,0,0,2,9,1,10.2,1
22025,1642263,Reed Sheppard,1610612745,HOU,Houston Rockets,0022500054,2025-11-21,HOU vs. DEN,L,37,9,13,0.692,5,8,0.625,4,6,0.667,0,0,0,4,2,0,1,2,27,13,38.0,1
22025,1628983,Shai Gilgeous-Alexander,1610612760,OKC,Oklahoma City Thunder,0022500055,2025-11-21,OKC @ UTA,W,30,9,14,0.643,3,3,1.0,10,12,0.833,0,2,2,8,1,1,2,1,31,14,49.4,1
22025,203500,Steven Adams,1610612745,HOU,Houston Rockets,0022500054,2025-11-21,HOU vs. DEN,L,23,2,2,1.0,0,0,,1,3,0.333,5,3,8,2,0,0,1,1,5,14,16.6,1
22025,1628971,Bruce Brown,1610612743,DEN,Denver Nuggets,0022500054,2025-11-21,DEN @ HOU,W,21,4,8,0.5,0,2,0.0,2,2,1.0,0,1,1,3,3,1,0,3,10,-15,27.7,1
22025,1641729,Brice Sensabaugh,1610612762,UTA,Utah Jazz,0022500055,2025-11-21,UTA vs. OKC,L,17,3,8,0.375,1,4,0.25,0,0,,0,2,2,1,0,0,2,1,7,-19,8.9,1
22025,1627750,Jamal Murray,1610612743,DEN,Denver Nuggets,0022500054,2025-11-21,DEN @ HOU,W,41,10,16,0.625,3,7,0.429,3,4,0.75,0,2,2,10,1,1,4,2,26,6,45.4,1
22025,202685,Jonas Valančiūnas,1610612743,DEN,Denver Nuggets,0022500054,2025-11-21,DEN @ HOU,W,16,4,8,0.5,0,1,0.0,0,0,,0,1,1,0,0,1,1,1,8,1,11.2,1
22025,1631119,Jaylin Williams,1610612760,OKC,Oklahoma City Thunder,0022500055,2025-11-21,OKC @ UTA,W,24,5,9,0.556,5,7,0.714,0,0,,1,5,6,6,2,0,2,2,15,27,35.2,1
22025,201567,Kevin Love,1610612762,UTA,Utah Jazz,0022500055,2025-11-21,UTA vs. OKC,L,13,4,6,0.667,4,5,0.8,0,0,,1,0,1,0,0,1,1,5,12,-9,15.2,1
22025,1631096,Chet Holmgren,1610612760,OKC,Oklahoma City Thunder,0022500055,2025-11-21,OKC @ UTA,W,27,5,14,0.357,0,4,0.0,1,2,0.5,0,3,3,2,2,1,0,2,11,12,26.6,1
22025,1642382,Branden Carlson,1610612760,OKC,Oklahoma City Thunder,0022500055,2025-11-21,OKC @ UTA,W,9,3,4,0.75,0,1,0.0,1,1,1.0,0,0,0,1,0,1,0,0,7,3,11.5,1
22025,1631172,Ousmane Dieng,1610612760,OKC,Oklahoma City Thunder,0022500055,2025-11-21,OKC @ UTA,W,5,2,2,1.0,1,1,1.0,0,0,,0,1,1,2,0,0,0,0,5,7,9.2,1
22025,1630578,Alperen Sengun,1610612745,HOU,Houston Rockets,0022500054,2025-11-21,HOU vs. DEN,L,36,6,14,0.429,0,1,0.0,2,3,0.667,2,3,5,6,1,0,4,5,14,-16,28.0,1
22025,1642383,Walter Clayton Jr.,1610612762,UTA,Utah Jazz,0022500055,2025-11-21,UTA vs. OKC,L,12,1,2,0.5,0,1,0.0,0,0,,0,0,0,3,1,0,3,2,2,-10,6.5,1
22025,203501,Tim Hardaway Jr.,1610612743,DEN,Denver Nuggets,0022500054,2025-11-21,DEN @ HOU,W,31,5,11,0.455,2,7,0.286,0,1,0.0,0,3,3,2,0,0,0,0,12,4,18.6,1
22025,1628374,Lauri Markkanen,1610612762,UTA,Utah Jazz,0022500055,2025-11-21,UTA vs. OKC,L,35,4,8,0.5,2,4,0.5,9,9,1.0,2,4,6,3,2,0,1,0,19,-27,35.7,1
22025,1641718,Keyonte George,1610612762,UTA,Utah Jazz,0022500055,2025-11-21,UTA vs. OKC,L,30,6,10,0.6,1,2,0.5,7,7,1.0,0,3,3,8,0,0,4,3,20,-14,31.6,1
22025,1641707,Taylor Hendricks,1610612762,UTA,Utah Jazz,0022500055,2025-11-21,UTA vs. OKC,L,8,0,3,0.0,0,2,0.0,1,2,0.5,1,2,3,2,1,0,1,1,1,-6,9.6,1
22025,1630198,Isaiah Joe,1610612760,OKC,Oklahoma City Thunder,0022500055,2025-11-21,OKC @ UTA,W,25,5,6,0.833,4,5,0.8,2,2,1.0,0,0,0,3,2,0,0,2,16,22,26.5,1
22025,203994,Jusuf Nurkić,1610612762,UTA,Utah Jazz,0022500055,2025-11-21,UTA vs. OKC,L,22,2,7,0.286,0,1,0.0,1,2,0.5,4,6,10,3,1,0,1,4,5,1,23.5,1
22025,1628392,Isaiah Hartenstein,1610612760,OKC,Oklahoma City Thunder,0022500055,2025-11-21,OKC @ UTA,W,24,5,5,1.0,0,0,,2,4,0.5,1,5,6,7,1,0,4,2,12,5,28.7,1
22025,1642846,Ace Bailey,1610612762,UTA,Utah Jazz,0022500055,2025-11-21,UTA vs. OKC,L,21,6,9,0.667,3,5,0.6,0,0,,1,1,2,3,3,0,2,1,15,3,28.9,1
22025,1642349,Ajay Mitchell,1610612760,OKC,Oklahoma City Thunder,0022500055,2025-11-21,OKC @ UTA,W,25,4,10,0.4,2,3,0.667,2,2,1.0,1,3,4,4,2,1,2,3,12,29,29.8,1
22025,1641717,Cason Wallace,1610612760,OKC,Oklahoma City Thunder,0022500055,2025-11-21,OKC @ UTA,W,27,4,6,0.667,2,4,0.5,0,0,,0,1,1,0,4,0,2,2,10,4,21.2,1
22025,1641708,Amen Thompson,1610612745,HOU,Houston Rockets,0022500054,2025-11-21,HOU vs. DEN,L,43,10,18,0.556,1,2,0.5,1,1,1.0,4,3,7,2,2,0,3,3,22,-10,36.4,1
22025,1627780,Gary Payton II,1610612744,GSW,Golden State Warriors,0022500056,2025-11-21,GSW vs. POR,L,17,3,4,0.75,0,0,,0,0,,0,2,2,4,0,0,1,3,6,-2,13.4,1
22025,1641764,Brandin Podziemski,1610612744,GSW,Golden State Warriors,0022500056,2025-11-21,GSW vs. POR,L,30,5,9,0.556,2,5,0.4,8,10,0.8,0,0,0,3,3,0,1,1,20,3,32.5,1
22025,201939,Stephen Curry,1610612744,GSW,Golden State Warriors,0022500056,2025-11-21,GSW vs. POR,L,34,14,23,0.609,9,17,0.529,1,1,1.0,0,2,2,4,0,0,3,2,38,-3,43.4,1
22025,1629057,Robert Williams III,1610612757,POR,Portland Trail Blazers,0022500056,2025-11-21,POR @ GSW,W,21,4,6,0.667,0,1,0.0,0,0,,3,8,11,2,0,3,1,1,8,4,32.2,1
22025,1642268,Isaiah Collier,1610612762,UTA,Utah Jazz,0022500055,2025-11-21,UTA vs. OKC,L,14,2,3,0.667,1,1,1.0,0,0,,0,1,1,2,0,1,5,1,5,-23,7.2,1
22025,1630541,Moses Moody,1610612744,GSW,Golden State Warriors,0022500056,2025-11-21,GSW vs. POR,L,28,3,6,0.5,2,5,0.4,2,2,1.0,1,1,2,1,0,1,2,5,10,-15,14.9,1
22025,203110,Draymond Green,1610612744,GSW,Golden State Warriors,0022500056,2025-11-21,GSW vs. POR,L,34,4,11,0.364,2,6,0.333,1,2,0.5,1,4,5,7,3,1,3,4,11,-3,36.5,1
22025,1631321,Sidy Cissoko,1610612757,POR,Portland Trail Blazers,0022500056,2025-11-21,POR @ GSW,W,23,6,11,0.545,3,7,0.429,0,1,0.0,0,1,1,2,1,0,3,4,15,7,19.2,1
22025,1631126,Caleb Love,1610612757,POR,Portland Trail Blazers,0022500056,2025-11-21,POR @ GSW,W,38,9,20,0.45,6,14,0.429,2,2,1.0,3,4,7,5,1,0,1,3,26,4,43.9,1
22025,1642366,Quinten Post,1610612744,GSW,Golden State Warriors,0022500056,2025-11-21,GSW vs. POR,L,17,2,6,0.333,1,5,0.2,2,2,1.0,0,4,4,1,3,0,1,4,7,7,21.3,1
22025,1631200,Kris Murray,1610612757,POR,Portland Trail Blazers,0022500056,2025-11-21,POR @ GSW,W,17,1,3,0.333,0,1,0.0,3,4,0.75,1,2,3,2,2,0,4,5,5,0,13.6,1
22025,1642954,Will Richard,1610612744,GSW,Golden State Warriors,0022500056,2025-11-21,GSW vs. POR,L,9,1,2,0.5,0,1,0.0,0,0,,0,2,2,1,0,0,0,2,2,-4,5.9,1
22025,1641712,Rayan Rupert,1610612757,POR,Portland Trail Blazers,0022500056,2025-11-21,POR @ GSW,W,6,0,0,,0,0,,0,0,,1,2,3,0,1,0,0,0,0,5,6.6,1
22025,1641871,Duop Reath,1610612757,POR,Portland Trail Blazers,0022500056,2025-11-21,POR @ GSW,W,2,0,0,,0,0,,0,0,,0,0,0,0,0,0,0,2,0,-3,0.0,1
22025,1627741,Buddy Hield,1610612744,GSW,Golden State Warriors,0022500056,2025-11-21,GSW vs. POR,L,16,0,1,0.0,0,1,0.0,0,0,,0,1,1,0,1,0,1,1,0,5,3.2,1
22025,201143,Al Horford,1610612744,GSW,Golden State Warriors,0022500056,2025-11-21,GSW vs. POR,L,18,2,5,0.4,1,3,0.333,2,2,1.0,1,5,6,3,2,1,1,1,7,-5,26.7,1
22025,1642270,Donovan Clingan,1610612757,POR,Portland Trail Blazers,0022500056,2025-11-21,POR @ GSW,W,27,9,14,0.643,1,4,0.25,3,4,0.75,5,5,10,4,2,0,0,3,22,-2,46.0,1
22025,1631451,Javonte Cooke,1610612757,POR,Portland Trail Blazers,0022500056,2025-11-21,POR @ GSW,W,2,0,1,0.0,0,1,0.0,0,0,,0,0,0,0,0,0,0,0,0,0,0.0,1
22025,1629655,Daniel Gafford,1610612742,DAL,Dallas Mavericks,0022500052,2025-11-21,DAL vs. NOP,W,25,3,5,0.6,0,0,,2,4,0.5,2,5,7,3,3,1,3,2,8,-6,29.9,1
22025,1629023,P.J. Washington,1610612742,DAL,Dallas Mavericks,0022500052,2025-11-21,DAL vs. NOP,W,37,8,14,0.571,5,8,0.625,3,4,0.75,1,8,9,1,0,3,4,1,24,1,41.3,1
22025,1631218,Trayce Jackson-Davis,1610612744,GSW,Golden State Warriors,0022500056,2025-11-21,GSW vs. POR,L,3,1,1,1.0,0,0,,0,0,,0,0,0,0,0,0,0,0,2,-3,2.0,1
22025,202710,Jimmy Butler III,1610612744,GSW,Golden State Warriors,0022500056,2025-11-21,GSW vs. POR,L,34,5,15,0.333,0,0,,10,11,0.909,6,2,8,5,2,1,0,2,20,0,46.1,1
22025,1630166,Deni Avdija,1610612757,POR,Portland Trail Blazers,0022500056,2025-11-21,POR @ GSW,W,40,6,14,0.429,2,7,0.286,12,13,0.923,2,4,6,13,0,0,6,1,26,2,46.7,1
22025,1641739,Toumani Camara,1610612757,POR,Portland Trail Blazers,0022500056,2025-11-21,POR @ GSW,W,34,7,11,0.636,4,6,0.667,2,2,1.0,5,2,7,1,0,1,2,5,20,6,30.9,1
22025,203924,Jerami Grant,1610612757,POR,Portland Trail Blazers,0022500056,2025-11-21,POR @ GSW,W,31,0,8,0.0,0,4,0.0,5,6,0.833,1,3,4,2,1,1,3,1,5,-3,15.8,1
22025,1630692,Jordan Goodwin,1610612756,PHX,Phoenix Suns,0022500053,2025-11-21,PHX vs. MIN,W,29,6,9,0.667,1,2,0.5,0,0,,4,2,6,4,2,0,2,0,13,8,30.2,1
22025,1626164,Devin Booker,1610612756,PHX,Phoenix Suns,0022500053,2025-11-21,PHX vs. MIN,W,35,4,18,0.222,1,6,0.167,7,9,0.778,1,2,3,10,1,0,9,6,16,-2,28.6,1
22025,1628415,Dillon Brooks,1610612756,PHX,Phoenix Suns,0022500053,2025-11-21,PHX vs. MIN,W,37,8,17,0.471,4,8,0.5,2,4,0.5,0,5,5,1,2,0,3,6,22,-3,32.5,1
22025,203999,Nikola Jokić,1610612743,DEN,Denver Nuggets,0022500054,2025-11-21,DEN @ HOU,W,39,11,20,0.55,4,8,0.5,8,10,0.8,4,6,10,9,2,2,4,5,34,4,67.5,1
22025,1629006,Josh Okogie,1610612745,HOU,Houston Rockets,0022500054,2025-11-21,HOU vs. DEN,L,11,2,6,0.333,2,6,0.333,0,0,,2,0,2,1,0,0,0,1,6,4,9.9,1
22025,201142,Kevin Durant,1610612745,HOU,Houston Rockets,0022500054,2025-11-21,HOU vs. DEN,L,35,5,15,0.333,1,5,0.2,2,3,0.667,1,7,8,2,2,1,2,3,13,-7,32.6,1
22025,1631097,Bennedict Mathurin,1610612754,IND,Indiana Pacers,0022500048,2025-11-21,IND @ CLE,L,37,7,15,0.467,2,7,0.286,5,5,1.0,3,4,7,2,1,1,3,3,21,-8,35.4,1
