SEASON_ID,PLAYER_ID,PLAYER_NAME,TEAM_ID,TEAM_ABBREVIATION,TEAM_NAME,GAME_ID,GAME_DATE,MATCHUP,WL,MIN,FGM,FGA,FG_PCT,FG3M,FG3A,FG3_PCT,FTM,FTA,FT_PCT,OREB,DREB,REB,AST,STL,BLK,TOV,PF,PTS,PLUS_MINUS,FANTASY_PTS,VIDEO_AVAILABLE
22025,1628973,Jalen Brunson,1610612752,NYK,New York Knicks,0022500357,2025-12-07,NYK vs. ORL,W,38,10,23,0.435,1,7,0.143,9,12,0.75,1,1,2,9,0,0,2,2,30,11,43.9,1
22025,1641724,Jett Howard,1610612753,ORL,Orlando Magic,0022500357,2025-12-07,ORL @ NYK,L,6,0,2,0.0,0,2,0.0,0,0,,0,1,1,0,0,0,0,0,0,2,1.2,1
22025,1631094,Paolo Banchero,1610612753,ORL,Orlando Magic,0022500357,2025-12-07,ORL @ NYK,L,24,4,11,0.364,3,6,0.5,5,6,0.833,0,1,1,2,0,0,1,2,16,-10,19.2,1
22025,1626145,Tyus Jones,1610612753,ORL,Orlando Magic,0022500357,2025-12-07,ORL @ NYK,L,21,2,5,0.4,2,4,0.5,0,0,,1,0,1,2,1,0,1,0,6,-9,12.2,1
22025,1627824,Guerschon Yabusele,1610612752,NYK,New York Knicks,0022500357,2025-12-07,NYK vs. ORL,W,11,2,3,0.667,2,3,0.667,2,2,1.0,2,0,2,0,0,0,1,2,8,-7,9.4,1
22025,1628371,Jonathan Isaac,1610612753,ORL,Orlando Magic,0022500357,2025-12-07,ORL @ NYK,L,11,1,1,1.0,0,0,,2,4,0.5,0,2,2,0,0,1,1,0,4,-2,8.4,1
22025,1630532,Franz Wagner,1610612753,ORL,Orlando Magic,0022500357,2025-12-07,ORL @ NYK,L,7,3,4,0.75,1,1,1.0,0,0,,0,3,3,1,1,0,0,0,7,4,15.1,1
22025,1629011,Mitchell Robinson,1610612752,NYK,New York Knicks,0022500357,2025-12-07,NYK vs. ORL,W,25,3,4,0.75,0,0,,0,0,,8,5,13,2,1,1,1,3,6,8,29.6,1
22025,1630540,Miles McBride,1610612752,NYK,New York Knicks,0022500357,2025-12-07,NYK vs. ORL,W,21,1,7,0.143,0,5,0.0,2,2,1.0,1,0,1,2,0,1,1,1,4,5,10.2,1
22025,1628976,Wendell Carter Jr.,1610612753,ORL,Orlando Magic,0022500357,2025-12-07,ORL @ NYK,L,33,2,8,0.25,1,5,0.2,3,4,0.75,2,5,7,3,0,0,0,2,8,-3,20.9,1
22025,1630574,Ariel Hukporti,1610612752,NYK,New York Knicks,0022500357,2025-12-07,NYK vs. ORL,W,23,1,2,0.5,0,0,,4,4,1.0,2,5,7,2,1,3,1,3,6,2,28.4,1
22025,203903,Jordan Clarkson,1610612752,NYK,New York Knicks,0022500357,2025-12-07,NYK vs. ORL,W,17,0,5,0.0,0,4,0.0,0,0,,0,2,2,0,0,0,2,1,0,9,0.4,1
22025,1630217,Desmond Bane,1610612753,ORL,Orlando Magic,0022500357,2025-12-07,ORL @ NYK,L,34,7,15,0.467,2,4,0.5,0,0,,3,3,6,4,1,0,0,5,16,0,32.2,1
22025,1628384,OG Anunoby,1610612752,NYK,New York Knicks,0022500357,2025-12-07,NYK vs. ORL,W,28,8,14,0.571,5,7,0.714,0,0,,1,6,7,0,3,0,0,4,21,20,38.4,1
22025,1641710,Anthony Black,1610612753,ORL,Orlando Magic,0022500357,2025-12-07,ORL @ NYK,L,30,6,16,0.375,1,7,0.143,1,1,1.0,2,9,11,4,0,1,4,2,14,-5,32.2,1
22025,1628404,Josh Hart,1610612752,NYK,New York Knicks,0022500357,2025-12-07,NYK vs. ORL,W,34,7,13,0.538,3,5,0.6,0,0,,0,12,12,1,2,1,0,2,17,-1,41.9,1
22025,1642859,Jase Richardson,1610612753,ORL,Orlando Magic,0022500357,2025-12-07,ORL @ NYK,L,6,3,6,0.5,1,3,0.333,1,2,0.5,1,0,1,0,1,0,0,0,8,6,12.2,1
22025,1629048,Goga Bitadze,1610612753,ORL,Orlando Magic,0022500357,2025-12-07,ORL @ NYK,L,12,1,1,1.0,0,0,,0,0,,2,1,3,0,0,1,0,1,2,-9,8.6,1
22025,1628969,Mikal Bridges,1610612752,NYK,New York Knicks,0022500357,2025-12-07,NYK vs. ORL,W,34,6,17,0.353,0,4,0.0,0,0,,0,6,6,7,1,1,2,3,12,1,33.7,1
22025,1642869,Noah Penda,1610612753,ORL,Orlando Magic,0022500357,2025-12-07,ORL @ NYK,L,6,1,2,0.5,0,1,0.0,0,2,0.0,3,1,4,2,0,0,1,0,2,6,8.8,1
22025,1642885,Mohamed Diawara,1610612752,NYK,New York Knicks,0022500357,2025-12-07,NYK vs. ORL,W,1,0,1,0.0,0,0,,0,0,,0,0,0,0,0,0,0,0,0,-6,0.0,1
22025,1642278,Tyler Kolek,1610612752,NYK,New York Knicks,0022500357,2025-12-07,NYK vs. ORL,W,8,1,2,0.5,0,0,,0,0,,0,0,0,1,0,0,1,0,2,-6,2.5,1
22025,1641787,Tosan Evbuomwan,1610612752,NYK,New York Knicks,0022500357,2025-12-07,NYK vs. ORL,W,1,0,0,,0,0,,0,0,,0,0,0,0,0,0,0,0,0,-6,0.0,1
22025,1641783,Tristan da Silva,1610612753,ORL,Orlando Magic,0022500357,2025-12-07,ORL @ NYK,L,18,0,7,0.0,0,3,0.0,0,0,,1,4,5,1,1,0,1,1,0,-12,9.5,1
22025,1630591,Jalen Suggs,1610612753,ORL,Orlando Magic,0022500357,2025-12-07,ORL @ NYK,L,32,6,16,0.375,1,6,0.167,4,5,0.8,2,1,3,4,2,1,2,3,17,2,33.6,1
22025,1630567,Scottie Barnes,1610612761,TOR,Toronto Raptors,0022500358,2025-12-07,TOR vs. BOS,L,37,6,12,0.5,0,1,0.0,6,7,0.857,2,9,11,8,1,1,2,5,18,-8,47.2,1
22025,1631169,Josh Minott,1610612738,BOS,Boston Celtics,0022500358,2025-12-07,BOS @ TOR,W,11,1,1,1.0,1,1,1.0,0,0,,0,0,0,2,0,1,1,1,3,-12,8.0,1
22025,1630202,Payton Pritchard,1610612738,BOS,Boston Celtics,0022500358,2025-12-07,BOS @ TOR,W,38,6,12,0.5,3,8,0.375,0,0,,1,3,4,6,1,0,0,1,15,18,31.8,1
22025,1631248,Baylor Scheierman,1610612738,BOS,Boston Celtics,0022500358,2025-12-07,BOS @ TOR,W,6,0,1,0.0,0,1,0.0,0,0,,0,1,1,0,1,0,0,2,0,-5,4.2,1
22025,1627751,Jakob Poeltl,1610612761,TOR,Toronto Raptors,0022500358,2025-12-07,TOR vs. BOS,L,25,4,9,0.444,0,0,,2,2,1.0,1,3,4,0,0,0,0,1,10,-18,14.8,1
22025,1630534,Ochai Agbaji,1610612761,TOR,Toronto Raptors,0022500358,2025-12-07,TOR vs. BOS,L,22,4,7,0.571,1,1,1.0,2,2,1.0,2,1,3,0,0,2,0,3,11,7,20.6,1
22025,1627742,Brandon Ingram,1610612761,TOR,Toronto Raptors,0022500358,2025-12-07,TOR vs. BOS,L,35,11,20,0.55,4,7,0.571,4,6,0.667,0,4,4,3,0,0,4,0,30,-12,35.3,1
22025,1630193,Immanuel Quickley,1610612761,TOR,Toronto Raptors,0022500358,2025-12-07,TOR vs. BOS,L,31,4,9,0.444,0,4,0.0,3,3,1.0,0,1,1,5,1,0,1,1,11,-14,21.7,1
22025,1629014,Anfernee Simons,1610612738,BOS,Boston Celtics,0022500358,2025-12-07,BOS @ TOR,W,21,5,14,0.357,2,8,0.25,0,0,,1,2,3,2,0,0,0,1,12,-9,18.6,1
22025,1642347,Jamal Shead,1610612761,TOR,Toronto Raptors,0022500358,2025-12-07,TOR vs. BOS,L,22,4,10,0.4,1,3,0.333,0,0,,2,2,4,3,2,0,2,1,9,4,22.3,1
22025,1642864,Hugo González,1610612738,BOS,Boston Celtics,0022500358,2025-12-07,BOS @ TOR,W,2,2,2,1.0,1,1,1.0,0,0,,0,1,1,0,0,0,0,0,5,0,6.2,1
22025,1630572,Sandro Mamukelashvili,1610612761,TOR,Toronto Raptors,0022500358,2025-12-07,TOR vs. BOS,L,23,6,10,0.6,1,2,0.5,1,1,1.0,2,4,6,0,0,0,1,0,14,12,20.2,1
22025,1642266,Ja'Kobe Walter,1610612761,TOR,Toronto Raptors,0022500358,2025-12-07,TOR vs. BOS,L,12,0,2,0.0,0,1,0.0,0,0,,0,0,0,1,0,0,1,0,0,-16,0.5,1
22025,1630573,Sam Hauser,1610612738,BOS,Boston Celtics,0022500358,2025-12-07,BOS @ TOR,W,26,3,7,0.429,3,7,0.429,0,0,,0,3,3,0,1,2,0,3,9,0,21.6,1
22025,1641775,Jordan Walsh,1610612738,BOS,Boston Celtics,0022500358,2025-12-07,BOS @ TOR,W,26,4,8,0.5,1,2,0.5,0,0,,2,4,6,0,3,0,0,6,9,10,25.2,1
22025,1642867,Collin Murray-Boyles,1610612761,TOR,Toronto Raptors,0022500358,2025-12-07,TOR vs. BOS,L,6,0,0,,0,0,,0,0,,1,1,2,1,0,0,1,1,0,3,2.9,1
22025,1630639,A.J. Lawson,1610612761,TOR,Toronto Raptors,0022500358,2025-12-07,TOR vs. BOS,L,13,4,8,0.5,2,3,0.667,0,0,,1,4,5,0,0,0,0,5,10,-5,16.0,1
22025,1642918,Alijah Martin,1610612761,TOR,Toronto Raptors,0022500358,2025-12-07,TOR vs. BOS,L,4,0,1,0.0,0,0,,0,0,,0,0,0,0,1,0,0,0,0,6,3.0,1
22025,1627759,Jaylen Brown,1610612738,BOS,Boston Celtics,0022500358,2025-12-07,BOS @ TOR,W,39,9,19,0.474,3,4,0.75,9,9,1.0,4,4,8,5,1,1,3,1,30,18,50.1,1
22025,1628401,Derrick White,1610612738,BOS,Boston Celtics,0022500358,2025-12-07,BOS @ TOR,W,37,10,21,0.476,6,15,0.4,1,1,1.0,0,4,4,5,0,3,5,4,27,8,43.3,1
22025,1641711,Gradey Dick,1610612761,TOR,Toronto Raptors,0022500358,2025-12-07,TOR vs. BOS,L,7,0,0,,0,0,,0,0,,0,2,2,1,0,0,0,1,0,1,3.9,1
22025,1629674,Neemias Queta,1610612738,BOS,Boston Celtics,0022500358,2025-12-07,BOS @ TOR,W,34,4,7,0.571,0,0,,3,4,0.75,6,5,11,4,1,2,2,3,11,12,37.2,1
22025,1642883,Sion James,1610612766,CHA,Charlotte Hornets,0022500359,2025-12-07,CHA vs. DEN,L,26,2,6,0.333,1,5,0.2,2,2,1.0,1,1,2,1,1,0,1,3,7,1,12.9,1
22025,1641750,Ryan Kalkbrenner,1610612766,CHA,Charlotte Hornets,0022500359,2025-12-07,CHA vs. DEN,L,25,3,4,0.75,0,0,,0,0,,0,6,6,0,0,2,1,6,6,-10,18.2,1
22025,1642851,Kon Knueppel,1610612766,CHA,Charlotte Hornets,0022500359,2025-12-07,CHA vs. DEN,L,33,5,13,0.385,2,10,0.2,2,2,1.0,1,3,4,4,1,0,2,3,14,-14,25.8,1
22025,1631212,Peyton Watson,1610612743,DEN,Denver Nuggets,0022500359,2025-12-07,DEN @ CHA,W,30,4,9,0.444,1,2,0.5,1,5,0.2,1,7,8,1,0,1,4,0,10,10,20.1,1
22025,203501,Tim Hardaway Jr.,1610612743,DEN,Denver Nuggets,0022500359,2025-12-07,DEN @ CHA,W,27,3,6,0.5,2,4,0.5,6,6,1.0,0,1,1,2,2,0,0,1,14,7,24.2,1
22025,203486,Mason Plumlee,1610612766,CHA,Charlotte Hornets,0022500359,2025-12-07,CHA vs. DEN,L,22,1,2,0.5,0,0,,2,2,1.0,1,5,6,2,1,0,1,4,4,3,16.2,1
22025,1642461,Spencer Jones,1610612743,DEN,Denver Nuggets,0022500359,2025-12-07,DEN @ CHA,W,25,3,5,0.6,2,4,0.5,0,0,,1,1,2,1,2,0,1,5,8,14,16.9,1
22025,1627750,Jamal Murray,1610612743,DEN,Denver Nuggets,0022500359,2025-12-07,DEN @ CHA,W,35,14,25,0.56,2,9,0.222,4,4,1.0,0,3,3,5,1,0,0,1,34,14,48.1,1
22025,1642275,Tidjane Salaün,1610612766,CHA,Charlotte Hornets,0022500359,2025-12-07,CHA vs. DEN,L,16,2,3,0.667,1,2,0.5,0,0,,1,5,6,1,0,0,0,2,5,0,13.7,1
22025,202685,Jonas Valančiūnas,1610612743,DEN,Denver Nuggets,0022500359,2025-12-07,DEN @ CHA,W,13,4,9,0.444,0,0,,0,0,,1,3,4,3,1,1,1,2,8,3,22.3,1
22025,203999,Nikola Jokić,1610612743,DEN,Denver Nuggets,0022500359,2025-12-07,DEN @ CHA,W,35,11,16,0.688,4,8,0.5,2,3,0.667,0,9,9,11,1,0,4,2,28,6,54.3,1
22025,1642354,KJ Simpson,1610612766,CHA,Charlotte Hornets,0022500359,2025-12-07,CHA vs. DEN,L,29,6,14,0.429,2,8,0.25,2,4,0.5,1,4,5,1,1,0,0,0,16,-14,26.5,1
22025,1641706,Brandon Miller,1610612766,CHA,Charlotte Hornets,0022500359,2025-12-07,CHA vs. DEN,L,30,5,19,0.263,4,10,0.4,3,3,1.0,3,2,5,5,1,1,5,2,17,-12,31.5,1
22025,1628970,Miles Bridges,1610612766,CHA,Charlotte Hornets,0022500359,2025-12-07,CHA vs. DEN,L,37,10,19,0.526,0,6,0.0,4,6,0.667,2,7,9,8,1,0,3,1,24,-11,46.8,1
22025,1629661,Cameron Johnson,1610612743,DEN,Denver Nuggets,0022500359,2025-12-07,DEN @ CHA,W,39,2,7,0.286,1,5,0.2,3,4,0.75,1,3,4,3,0,0,0,4,8,9,17.3,1
22025,1641810,Antonio Reeves,1610612766,CHA,Charlotte Hornets,0022500359,2025-12-07,CHA vs. DEN,L,3,0,0,,0,0,,0,0,,0,0,0,0,0,0,0,0,0,8,0.0,1
22025,1642862,Liam McNeeley,1610612766,CHA,Charlotte Hornets,0022500359,2025-12-07,CHA vs. DEN,L,20,4,5,0.8,4,5,0.8,1,2,0.5,0,4,4,2,1,0,0,1,13,4,23.8,1
22025,1629618,Jalen Pickett,1610612743,DEN,Denver Nuggets,0022500359,2025-12-07,DEN @ CHA,W,16,2,3,0.667,1,2,0.5,0,0,,1,3,4,3,1,0,0,2,5,-6,17.3,1
22025,1628971,Bruce Brown,1610612743,DEN,Denver Nuggets,0022500359,2025-12-07,DEN @ CHA,W,20,0,3,0.0,0,1,0.0,0,0,,0,0,0,0,0,0,0,2,0,-12,0.0,1
22025,1628991,Jaren Jackson Jr.,1610612763,MEM,Memphis Grizzlies,0022500360,2025-12-07,MEM vs. POR,W,24,3,10,0.3,0,1,0.0,0,0,,0,3,3,4,3,2,1,2,6,-5,29.6,1
22025,1631246,Vince Williams Jr.,1610612763,MEM,Memphis Grizzlies,0022500360,2025-12-07,MEM vs. POR,W,16,2,6,0.333,1,4,0.25,0,0,,0,2,2,0,0,1,3,3,5,-10,7.4,1
22025,1642905,Yang Hansen,1610612757,POR,Portland Trail Blazers,0022500360,2025-12-07,POR @ MEM,L,19,2,5,0.4,0,2,0.0,0,0,,1,4,5,2,0,0,2,5,4,2,11.0,1
22025,1642942,Jahmai Mashack,1610612763,MEM,Memphis Grizzlies,0022500360,2025-12-07,MEM vs. POR,W,3,0,1,0.0,0,0,,0,0,,0,0,0,0,0,0,0,0,0,-1,0.0,1
22025,1641871,Duop Reath,1610612757,POR,Portland Trail Blazers,0022500360,2025-12-07,POR @ MEM,L,19,4,6,0.667,3,4,0.75,1,1,1.0,1,1,2,1,0,0,1,3,12,-16,14.9,1
22025,1642377,Jaylen Wells,1610612763,MEM,Memphis Grizzlies,0022500360,2025-12-07,MEM vs. POR,W,26,4,8,0.5,2,4,0.5,6,8,0.75,0,5,5,3,2,0,0,2,16,14,32.5,1
22025,1641739,Toumani Camara,1610612757,POR,Portland Trail Blazers,0022500360,2025-12-07,POR @ MEM,L,33,5,13,0.385,3,10,0.3,0,0,,2,4,6,1,3,0,3,2,13,-24,27.7,1
22025,1631451,Javonte Cooke,1610612757,POR,Portland Trail Blazers,0022500360,2025-12-07,POR @ MEM,L,3,0,1,0.0,0,1,0.0,0,0,,0,1,1,1,0,0,0,0,0,1,2.7,1
22025,1641765,Olivier-Maxence Prosper,1610612763,MEM,Memphis Grizzlies,0022500360,2025-12-07,MEM vs. POR,W,3,0,2,0.0,0,0,,2,2,1.0,1,1,2,0,0,0,0,0,2,-1,4.4,1
22025,1629111,Jock Landale,1610612763,MEM,Memphis Grizzlies,0022500360,2025-12-07,MEM vs. POR,W,21,4,7,0.571,0,3,0.0,7,10,0.7,5,3,8,2,2,0,3,4,15,20,30.6,1
22025,1642285,Cam Spencer,1610612763,MEM,Memphis Grizzlies,0022500360,2025-12-07,MEM vs. POR,W,32,4,9,0.444,1,5,0.2,3,3,1.0,0,3,3,6,4,0,4,3,12,33,32.6,1
22025,1631200,Kris Murray,1610612757,POR,Portland Trail Blazers,0022500360,2025-12-07,POR @ MEM,L,22,1,1,1.0,0,0,,0,0,,1,2,3,1,1,2,0,4,2,-11,16.1,1
22025,203484,Kentavious Caldwell-Pope,1610612763,MEM,Memphis Grizzlies,0022500360,2025-12-07,MEM vs. POR,W,23,5,8,0.625,3,5,0.6,3,3,1.0,0,2,2,5,2,0,2,0,16,30,29.9,1
22025,1641744,Zach Edey,1610612763,MEM,Memphis Grizzlies,0022500360,2025-12-07,MEM vs. POR,W,22,5,11,0.455,0,2,0.0,2,3,0.667,5,5,10,3,0,0,6,6,12,4,22.5,1
22025,1642907,Cedric Coward,1610612763,MEM,Memphis Grizzlies,0022500360,2025-12-07,MEM vs. POR,W,25,5,12,0.417,0,3,0.0,1,3,0.333,2,4,6,3,0,1,3,2,11,-7,22.7,1
22025,1629723,John Konchar,1610612763,MEM,Memphis Grizzlies,0022500360,2025-12-07,MEM vs. POR,W,17,1,4,0.25,0,2,0.0,0,0,,2,1,3,1,3,0,0,2,2,4,16.1,1
22025,1631126,Caleb Love,1610612757,POR,Portland Trail Blazers,0022500360,2025-12-07,POR @ MEM,L,20,2,7,0.286,0,4,0.0,0,0,,0,2,2,3,0,0,2,1,4,-19,8.9,1
22025,1631101,Shaedon Sharpe,1610612757,POR,Portland Trail Blazers,0022500360,2025-12-07,POR @ MEM,L,27,5,11,0.455,3,3,1.0,4,4,1.0,1,1,2,2,1,0,6,1,17,-31,19.4,1
22025,1641712,Rayan Rupert,1610612757,POR,Portland Trail Blazers,0022500360,2025-12-07,POR @ MEM,L,11,0,3,0.0,0,2,0.0,0,0,,1,0,1,0,0,0,0,1,0,0,1.2,1
22025,203924,Jerami Grant,1610612757,POR,Portland Trail Blazers,0022500360,2025-12-07,POR @ MEM,L,32,5,16,0.313,2,8,0.25,9,10,0.9,1,6,7,3,0,1,2,1,21,-5,34.9,1
22025,1642950,Lachlan Olbrich,1610612741,CHI,Chicago Bulls,0022500361,2025-12-07,CHI vs. GSW,L,5,0,1,0.0,0,1,0.0,0,0,,1,2,3,0,0,0,0,0,0,-4,3.6,1
22025,1642280,Trentyn Flowers,1610612741,CHI,Chicago Bulls,0022500361,2025-12-07,CHI vs. GSW,L,4,2,3,0.667,0,1,0.0,0,0,,1,0,1,0,0,0,1,1,4,-4,4.2,1
22025,1641801,Emanuel Miller,1610612741,CHI,Chicago Bulls,0022500361,2025-12-07,CHI vs. GSW,L,4,0,2,0.0,0,1,0.0,0,0,,1,0,1,0,0,0,0,0,0,-4,1.2,1
22025,1631218,Trayce Jackson-Davis,1610612744,GSW,Golden State Warriors,0022500361,2025-12-07,GSW @ CHI,W,22,2,2,1.0,0,0,,0,0,,0,3,3,2,0,1,0,1,4,7,13.6,1
22025,1627741,Buddy Hield,1610612744,GSW,Golden State Warriors,0022500361,2025-12-07,GSW @ CHI,W,22,4,10,0.4,1,5,0.2,0,0,,2,5,7,1,1,0,1,2,9,14,20.9,1
22025,1627780,Gary Payton II,1610612744,GSW,Golden State Warriors,0022500361,2025-12-07,GSW @ CHI,W,4,0,1,0.0,0,1,0.0,0,0,,0,0,0,0,0,0,0,0,0,0,0.0,1
22025,1630311,Pat Spencer,1610612744,GSW,Golden State Warriors,0022500361,2025-12-07,GSW @ CHI,W,27,6,10,0.6,0,0,,0,0,,1,4,5,6,1,0,4,1,12,30,26.0,1
22025,1629632,Coby White,1610612741,CHI,Chicago Bulls,0022500361,2025-12-07,CHI vs. GSW,L,25,3,10,0.3,0,4,0.0,6,7,0.857,0,1,1,1,0,0,4,3,12,-27,10.7,1
22025,1630172,Patrick Williams,1610612741,CHI,Chicago Bulls,0022500361,2025-12-07,CHI vs. GSW,L,20,1,6,0.167,1,2,0.5,0,0,,3,3,6,2,2,0,0,2,3,-3,19.2,1
22025,202710,Jimmy Butler III,1610612744,GSW,Golden State Warriors,0022500361,2025-12-07,GSW @ CHI,W,29,5,10,0.5,2,2,1.0,7,10,0.7,2,6,8,6,2,0,2,0,19,29,41.6,1
22025,1630581,Josh Giddey,1610612741,CHI,Chicago Bulls,0022500361,2025-12-07,CHI vs. GSW,L,35,6,15,0.4,3,6,0.5,3,5,0.6,0,3,3,5,1,2,4,2,18,-21,34.1,1
22025,1628380,Zach Collins,1610612741,CHI,Chicago Bulls,0022500361,2025-12-07,CHI vs. GSW,L,19,1,7,0.143,0,2,0.0,1,1,1.0,2,2,4,1,0,1,0,0,3,0,12.3,1
22025,1631207,Dalen Terry,1610612741,CHI,Chicago Bulls,0022500361,2025-12-07,CHI vs. GSW,L,18,2,3,0.667,0,1,0.0,0,0,,2,1,3,3,2,0,0,0,4,7,18.1,1
22025,1630541,Moses Moody,1610612744,GSW,Golden State Warriors,0022500361,2025-12-07,GSW @ CHI,W,19,3,6,0.5,3,5,0.6,2,3,0.667,2,2,4,1,0,0,0,0,11,1,17.3,1
22025,1641764,Brandin Podziemski,1610612744,GSW,Golden State Warriors,0022500361,2025-12-07,GSW @ CHI,W,29,7,13,0.538,5,9,0.556,2,2,1.0,3,5,8,7,2,0,3,3,21,20,44.1,1
22025,1642954,Will Richard,1610612744,GSW,Golden State Warriors,0022500361,2025-12-07,GSW @ CHI,W,24,3,5,0.6,3,5,0.6,0,0,,1,3,4,0,1,0,0,2,9,36,16.8,1
22025,1628975,Jevon Carter,1610612741,CHI,Chicago Bulls,0022500361,2025-12-07,CHI vs. GSW,L,22,4,8,0.5,3,5,0.6,2,2,1.0,0,1,1,2,3,0,1,2,13,-6,25.2,1
22025,1641763,Julian Phillips,1610612741,CHI,Chicago Bulls,0022500361,2025-12-07,CHI vs. GSW,L,12,1,3,0.333,1,3,0.333,2,2,1.0,1,1,2,1,0,0,0,0,5,-5,8.9,1
22025,1641824,Matas Buzelis,1610612741,CHI,Chicago Bulls,0022500361,2025-12-07,CHI vs. GSW,L,25,7,12,0.583,2,5,0.4,0,0,,2,1,3,1,3,1,2,4,16,-30,31.1,1
22025,1629001,De'Anthony Melton,1610612744,GSW,Golden State Warriors,0022500361,2025-12-07,GSW @ CHI,W,17,4,9,0.444,3,7,0.429,2,4,0.5,0,1,1,1,2,0,3,2,13,-3,18.7,1
22025,1630611,Gui Santos,1610612744,GSW,Golden State Warriors,0022500361,2025-12-07,GSW @ CHI,W,20,3,8,0.375,0,3,0.0,0,0,,3,4,7,2,1,0,2,2,6,1,18.4,1
22025,202696,Nikola Vučević,1610612741,CHI,Chicago Bulls,0022500361,2025-12-07,CHI vs. GSW,L,24,4,13,0.308,1,6,0.167,0,0,,1,5,6,3,1,0,2,1,9,-28,21.7,1
22025,1630245,Ayo Dosunmu,1610612741,CHI,Chicago Bulls,0022500361,2025-12-07,CHI vs. GSW,L,27,1,6,0.167,0,3,0.0,2,2,1.0,1,3,4,5,0,0,1,0,4,-35,15.3,1
22025,1642366,Quinten Post,1610612744,GSW,Golden State Warriors,0022500361,2025-12-07,GSW @ CHI,W,26,7,14,0.5,5,10,0.5,0,0,,1,3,4,1,1,1,0,3,19,25,31.3,1
22025,1630583,Santi Aldama,1610612763,MEM,Memphis Grizzlies,0022500360,2025-12-07,MEM vs. POR,W,28,7,11,0.636,3,6,0.5,5,7,0.714,1,6,7,1,2,0,0,1,22,34,37.9,1
22025,1631321,Sidy Cissoko,1610612757,POR,Portland Trail Blazers,0022500360,2025-12-07,POR @ MEM,L,24,2,6,0.333,2,5,0.4,0,0,,1,3,4,0,0,1,4,4,6,5,9.8,1
22025,1630166,Deni Avdija,1610612757,POR,Portland Trail Blazers,0022500360,2025-12-07,POR @ MEM,L,31,7,14,0.5,2,4,0.5,1,3,0.333,1,6,7,7,3,1,5,5,17,-17,42.9,1
22025,1629029,Luka Dončić,1610612747,LAL,Los Angeles Lakers,0022500362,2025-12-07,LAL @ PHI,W,39,9,24,0.375,2,9,0.222,11,14,0.786,1,14,15,11,0,2,5,1,31,12,66.5,1
22025,2544,LeBron James,1610612747,LAL,Los Angeles Lakers,0022500362,2025-12-07,LAL @ PHI,W,34,12,17,0.706,4,6,0.667,1,2,0.5,1,6,7,6,1,1,2,1,29,1,50.4,1
22025,1631133,Jabari Walker,1610612755,PHI,Philadelphia 76ers,0022500362,2025-12-07,PHI vs. LAL,L,17,1,4,0.25,1,3,0.333,1,2,0.5,0,4,4,0,0,0,0,1,4,7,8.8,1
22025,1642845,VJ Edgecombe,1610612755,PHI,Philadelphia 76ers,0022500362,2025-12-07,PHI vs. LAL,L,38,5,13,0.385,2,3,0.667,3,3,1.0,2,3,5,3,0,0,1,4,15,6,24.5,1
22025,1629020,Jarred Vanderbilt,1610612747,LAL,Los Angeles Lakers,0022500362,2025-12-07,LAL @ PHI,W,3,0,1,0.0,0,1,0.0,0,0,,0,0,0,1,0,0,0,1,0,0,1.5,1
22025,1631230,Dominick Barlow,1610612755,PHI,Philadelphia 76ers,0022500362,2025-12-07,PHI vs. LAL,L,24,2,7,0.286,1,2,0.5,2,2,1.0,2,2,4,0,1,0,0,3,7,-12,14.8,1
22025,1631222,Jake LaRavia,1610612747,LAL,Los Angeles Lakers,0022500362,2025-12-07,LAL @ PHI,W,17,1,4,0.25,1,4,0.25,1,2,0.5,0,2,2,0,0,0,1,3,4,12,5.4,1
22025,1629060,Rui Hachimura,1610612747,LAL,Los Angeles Lakers,0022500362,2025-12-07,LAL @ PHI,W,36,7,12,0.583,3,7,0.429,0,0,,2,4,6,1,0,0,0,3,17,7,25.7,1
22025,1629637,Jaxson Hayes,1610612747,LAL,Los Angeles Lakers,0022500362,2025-12-07,LAL @ PHI,W,17,1,1,1.0,0,0,,1,4,0.25,1,4,5,0,0,3,0,5,3,-6,18.0,1
22025,1642876,Adou Thiero,1610612747,LAL,Los Angeles Lakers,0022500362,2025-12-07,LAL @ PHI,W,4,0,0,,0,0,,0,0,,0,0,0,0,0,0,0,1,0,-7,0.0,1
22025,203083,Andre Drummond,1610612755,PHI,Philadelphia 76ers,0022500362,2025-12-07,PHI vs. LAL,L,18,5,11,0.455,0,1,0.0,1,2,0.5,8,4,12,0,0,1,0,1,11,-15,28.4,1
22025,1642272,Jared McCain,1610612755,PHI,Philadelphia 76ers,0022500362,2025-12-07,PHI vs. LAL,L,13,3,7,0.429,2,4,0.5,0,0,,0,1,1,1,0,0,0,2,8,3,10.7,1
22025,202331,Paul George,1610612755,PHI,Philadelphia 76ers,0022500362,2025-12-07,PHI vs. LAL,L,32,3,8,0.375,1,3,0.333,5,5,1.0,0,6,6,3,1,0,1,3,12,-12,25.7,1
22025,203954,Joel Embiid,1610612755,PHI,Philadelphia 76ers,0022500362,2025-12-07,PHI vs. LAL,L,30,4,21,0.19,0,6,0.0,8,8,1.0,2,5,7,2,1,1,0,1,16,11,33.4,1
22025,1630559,Austin Reaves,1610612747,LAL,Los Angeles Lakers,0022500362,2025-12-07,LAL @ PHI,W,39,3,16,0.188,2,6,0.333,3,5,0.6,1,3,4,4,1,1,2,0,11,1,25.8,1
22025,1629656,Quentin Grimes,1610612755,PHI,Philadelphia 76ers,0022500362,2025-12-07,PHI vs. LAL,L,29,2,7,0.286,1,6,0.167,2,2,1.0,3,5,8,3,0,0,0,0,7,1,21.1,1
22025,1630598,Aaron Wiggins,1610612760,OKC,Oklahoma City Thunder,0022500363,2025-12-07,OKC @ UTA,W,20,6,9,0.667,5,6,0.833,2,2,1.0,0,3,3,1,0,0,2,3,19,9,22.1,1
22025,1631114,Jalen Williams,1610612760,OKC,Oklahoma City Thunder,0022500363,2025-12-07,OKC @ UTA,W,25,11,19,0.579,1,3,0.333,2,2,1.0,1,2,3,8,2,0,0,0,25,11,46.6,1
22025,1631119,Jaylin Williams,1610612760,OKC,Oklahoma City Thunder,0022500363,2025-12-07,OKC @ UTA,W,24,2,7,0.286,1,6,0.167,0,2,0.0,0,6,6,4,1,0,2,2,5,29,19.2,1
22025,1642846,Ace Bailey,1610612762,UTA,Utah Jazz,0022500363,2025-12-07,UTA vs. OKC,L,32,5,14,0.357,3,8,0.375,0,0,,0,1,1,4,1,1,3,2,13,-18,23.2,1
22025,1641718,Keyonte George,1610612762,UTA,Utah Jazz,0022500363,2025-12-07,UTA vs. OKC,L,28,3,12,0.25,0,4,0.0,2,2,1.0,0,5,5,3,0,1,6,2,8,-36,15.5,1
22025,1629004,Svi Mykhailiuk,1610612762,UTA,Utah Jazz,0022500363,2025-12-07,UTA vs. OKC,L,33,2,3,0.667,2,3,0.667,0,0,,0,2,2,1,2,0,3,1,6,-13,12.9,1
22025,201567,Kevin Love,1610612762,UTA,Utah Jazz,0022500363,2025-12-07,UTA vs. OKC,L,16,0,3,0.0,0,2,0.0,0,0,,1,1,2,2,0,0,1,1,0,-21,4.4,1
22025,1642262,Cody Williams,1610612762,UTA,Utah Jazz,0022500363,2025-12-07,UTA vs. OKC,L,8,2,4,0.5,0,1,0.0,0,0,,0,2,2,0,0,0,0,0,4,10,6.4,1
22025,1642383,Walter Clayton Jr.,1610612762,UTA,Utah Jazz,0022500363,2025-12-07,UTA vs. OKC,L,29,8,12,0.667,2,5,0.4,2,3,0.667,1,1,2,9,0,0,2,3,20,-5,33.9,1
22025,1642964,Brooks Barnhizer,1610612760,OKC,Oklahoma City Thunder,0022500363,2025-12-07,OKC @ UTA,W,12,1,2,0.5,0,1,0.0,1,1,1.0,0,1,1,0,0,0,1,1,3,-18,3.2,1
22025,1631172,Ousmane Dieng,1610612760,OKC,Oklahoma City Thunder,0022500363,2025-12-07,OKC @ UTA,W,26,5,7,0.714,4,5,0.8,0,0,,2,0,2,3,0,0,0,4,14,19,20.9,1
22025,1641717,Cason Wallace,1610612760,OKC,Oklahoma City Thunder,0022500363,2025-12-07,OKC @ UTA,W,25,2,5,0.4,2,4,0.5,0,0,,0,2,2,4,5,0,1,0,6,32,28.4,1
22025,1631096,Chet Holmgren,1610612760,OKC,Oklahoma City Thunder,0022500363,2025-12-07,OKC @ UTA,W,23,12,15,0.8,1,2,0.5,0,3,0.0,1,8,9,1,1,2,3,2,25,16,43.3,1
22025,1629026,Kenrich Williams,1610612760,OKC,Oklahoma City Thunder,0022500363,2025-12-07,OKC @ UTA,W,24,4,7,0.571,2,3,0.667,1,4,0.25,2,5,7,6,0,0,2,3,11,29,26.4,1
22025,1642349,Ajay Mitchell,1610612760,OKC,Oklahoma City Thunder,0022500363,2025-12-07,OKC @ UTA,W,29,2,5,0.4,1,4,0.25,2,2,1.0,0,2,2,4,0,0,1,2,7,32,14.4,1
22025,1641729,Brice Sensabaugh,1610612762,UTA,Utah Jazz,0022500363,2025-12-07,UTA vs. OKC,L,6,1,3,0.333,0,1,0.0,0,0,,0,0,0,0,0,0,0,1,2,-14,2.0,1
22025,203994,Jusuf Nurkić,1610612762,UTA,Utah Jazz,0022500363,2025-12-07,UTA vs. OKC,L,20,3,9,0.333,0,1,0.0,1,2,0.5,2,6,8,2,0,0,1,3,7,-12,18.6,1
22025,1642268,Isaiah Collier,1610612762,UTA,Utah Jazz,0022500363,2025-12-07,UTA vs. OKC,L,6,0,1,0.0,0,0,,0,0,,0,0,0,1,0,0,0,0,0,-14,1.5,1
22025,1642959,Chris Youngblood,1610612760,OKC,Oklahoma City Thunder,0022500363,2025-12-07,OKC @ UTA,W,8,1,3,0.333,1,2,0.5,0,0,,1,2,3,1,0,0,0,1,3,-10,8.1,1
22025,1630178,Tyrese Maxey,1610612755,PHI,Philadelphia 76ers,0022500362,2025-12-07,PHI vs. LAL,L,39,11,24,0.458,5,8,0.625,1,2,0.5,0,7,7,9,2,2,4,2,28,-9,57.9,1
22025,1642382,Branden Carlson,1610612760,OKC,Oklahoma City Thunder,0022500363,2025-12-07,OKC @ UTA,W,24,5,9,0.556,3,6,0.5,0,2,0.0,1,5,6,0,0,1,1,2,13,1,22.2,1
22025,1629028,Deandre Ayton,1610612747,LAL,Los Angeles Lakers,0022500362,2025-12-07,LAL @ PHI,W,31,7,7,1.0,0,0,,0,0,,2,10,12,2,1,1,0,4,14,10,37.4,1
22025,1629216,Gabe Vincent,1610612747,LAL,Los Angeles Lakers,0022500362,2025-12-07,LAL @ PHI,W,19,1,3,0.333,1,3,0.333,0,0,,0,1,1,0,0,0,0,3,3,-10,4.2,1
22025,1642271,Kyle Filipowski,1610612762,UTA,Utah Jazz,0022500363,2025-12-07,UTA vs. OKC,L,36,10,14,0.714,1,4,0.25,0,0,,1,9,10,2,3,0,1,4,21,-18,44.0,1
22025,1641707,Taylor Hendricks,1610612762,UTA,Utah Jazz,0022500363,2025-12-07,UTA vs. OKC,L,25,6,10,0.6,4,7,0.571,4,5,0.8,1,4,5,1,0,1,0,0,20,-9,30.5,1
